Time,Time from [CET/CEST],Time to [CET/CEST],Solar [MW],Solar_Ratio
2023-05-06 00:00:00+02:00,2023-05-06 00:00:00,2023-05-06 00:15:00,0.0,0.0
2023-05-06 00:15:00+02:00,2023-05-06 00:15:00,2023-05-06 00:30:00,0.0,0.0
2023-05-06 00:30:00+02:00,2023-05-06 00:30:00,2023-05-06 00:45:00,0.0,0.0
2023-05-06 00:45:00+02:00,2023-05-06 00:45:00,2023-05-06 01:00:00,0.0,0.0
2023-05-06 01:00:00+02:00,2023-05-06 01:00:00,2023-05-06 01:15:00,0.0,0.0
2023-05-06 01:15:00+02:00,2023-05-06 01:15:00,2023-05-06 01:30:00,0.0,0.0
2023-05-06 01:30:00+02:00,2023-05-06 01:30:00,2023-05-06 01:45:00,0.0,0.0
2023-05-06 01:45:00+02:00,2023-05-06 01:45:00,2023-05-06 02:00:00,0.0,0.0
2023-05-06 02:00:00+02:00,2023-05-06 02:00:00,2023-05-06 02:15:00,0.0,0.0
2023-05-06 02:15:00+02:00,2023-05-06 02:15:00,2023-05-06 02:30:00,0.0,0.0
2023-05-06 02:30:00+02:00,2023-05-06 02:30:00,2023-05-06 02:45:00,0.0,0.0
2023-05-06 02:45:00+02:00,2023-05-06 02:45:00,2023-05-06 03:00:00,0.0,0.0
2023-05-06 03:00:00+02:00,2023-05-06 03:00:00,2023-05-06 03:15:00,0.0,0.0
2023-05-06 03:15:00+02:00,2023-05-06 03:15:00,2023-05-06 03:30:00,0.0,0.0
2023-05-06 03:30:00+02:00,2023-05-06 03:30:00,2023-05-06 03:45:00,0.0,0.0
2023-05-06 03:45:00+02:00,2023-05-06 03:45:00,2023-05-06 04:00:00,0.0,0.0
2023-05-06 04:00:00+02:00,2023-05-06 04:00:00,2023-05-06 04:15:00,0.0,0.0
2023-05-06 04:15:00+02:00,2023-05-06 04:15:00,2023-05-06 04:30:00,0.0,0.0
2023-05-06 04:30:00+02:00,2023-05-06 04:30:00,2023-05-06 04:45:00,0.0,0.0
2023-05-06 04:45:00+02:00,2023-05-06 04:45:00,2023-05-06 05:00:00,0.0,0.0
2023-05-06 05:00:00+02:00,2023-05-06 05:00:00,2023-05-06 05:15:00,0.0,0.0
2023-05-06 05:15:00+02:00,2023-05-06 05:15:00,2023-05-06 05:30:00,0.0,0.0
2023-05-06 05:30:00+02:00,2023-05-06 05:30:00,2023-05-06 05:45:00,12.0,0.0072992700729927005
2023-05-06 05:45:00+02:00,2023-05-06 05:45:00,2023-05-06 06:00:00,52.0,0.031630170316301706
2023-05-06 06:00:00+02:00,2023-05-06 06:00:00,2023-05-06 06:15:00,52.0,0.031630170316301706
2023-05-06 06:15:00+02:00,2023-05-06 06:15:00,2023-05-06 06:30:00,56.0,0.0340632603406326
2023-05-06 06:30:00+02:00,2023-05-06 06:30:00,2023-05-06 06:45:00,68.0,0.0413625304136253
2023-05-06 06:45:00+02:00,2023-05-06 06:45:00,2023-05-06 07:00:00,80.0,0.04866180048661801
2023-05-06 07:00:00+02:00,2023-05-06 07:00:00,2023-05-06 07:15:00,112.0,0.0681265206812652
2023-05-06 07:15:00+02:00,2023-05-06 07:15:00,2023-05-06 07:30:00,144.0,0.08759124087591241
2023-05-06 07:30:00+02:00,2023-05-06 07:30:00,2023-05-06 07:45:00,180.0,0.10948905109489052
2023-05-06 07:45:00+02:00,2023-05-06 07:45:00,2023-05-06 08:00:00,232.0,0.1411192214111922
2023-05-06 08:00:00+02:00,2023-05-06 08:00:00,2023-05-06 08:15:00,280.0,0.170316301703163
2023-05-06 08:15:00+02:00,2023-05-06 08:15:00,2023-05-06 08:30:00,332.0,0.20194647201946472
2023-05-06 08:30:00+02:00,2023-05-06 08:30:00,2023-05-06 08:45:00,388.0,0.2360097323600973
2023-05-06 08:45:00+02:00,2023-05-06 08:45:00,2023-05-06 09:00:00,448.0,0.2725060827250608
2023-05-06 09:00:00+02:00,2023-05-06 09:00:00,2023-05-06 09:15:00,508.0,0.30900243309002434
2023-05-06 09:15:00+02:00,2023-05-06 09:15:00,2023-05-06 09:30:00,572.0,0.34793187347931875
2023-05-06 09:30:00+02:00,2023-05-06 09:30:00,2023-05-06 09:45:00,632.0,0.3844282238442822
2023-05-06 09:45:00+02:00,2023-05-06 09:45:00,2023-05-06 10:00:00,692.0,0.4209245742092457
2023-05-06 10:00:00+02:00,2023-05-06 10:00:00,2023-05-06 10:15:00,752.0,0.45742092457420924
2023-05-06 10:15:00+02:00,2023-05-06 10:15:00,2023-05-06 10:30:00,808.0,0.49148418491484186
2023-05-06 10:30:00+02:00,2023-05-06 10:30:00,2023-05-06 10:45:00,856.0,0.5206812652068127
2023-05-06 10:45:00+02:00,2023-05-06 10:45:00,2023-05-06 11:00:00,896.0,0.5450121654501217
2023-05-06 11:00:00+02:00,2023-05-06 11:00:00,2023-05-06 11:15:00,936.0,0.5693430656934306
2023-05-06 11:15:00+02:00,2023-05-06 11:15:00,2023-05-06 11:30:00,972.0,0.5912408759124088
2023-05-06 11:30:00+02:00,2023-05-06 11:30:00,2023-05-06 11:45:00,1000.0,0.6082725060827251
2023-05-06 11:45:00+02:00,2023-05-06 11:45:00,2023-05-06 12:00:00,1028.0,0.6253041362530414
2023-05-06 12:00:00+02:00,2023-05-06 12:00:00,2023-05-06 12:15:00,1064.0,0.6472019464720195
2023-05-06 12:15:00+02:00,2023-05-06 12:15:00,2023-05-06 12:30:00,1100.0,0.6690997566909975
2023-05-06 12:30:00+02:00,2023-05-06 12:30:00,2023-05-06 12:45:00,1120.0,0.681265206812652
2023-05-06 12:45:00+02:00,2023-05-06 12:45:00,2023-05-06 13:00:00,1128.0,0.6861313868613139
2023-05-06 13:00:00+02:00,2023-05-06 13:00:00,2023-05-06 13:15:00,1136.0,0.6909975669099757
2023-05-06 13:15:00+02:00,2023-05-06 13:15:00,2023-05-06 13:30:00,1148.0,0.6982968369829684
2023-05-06 13:30:00+02:00,2023-05-06 13:30:00,2023-05-06 13:45:00,1148.0,0.6982968369829684
2023-05-06 13:45:00+02:00,2023-05-06 13:45:00,2023-05-06 14:00:00,1136.0,0.6909975669099757
2023-05-06 14:00:00+02:00,2023-05-06 14:00:00,2023-05-06 14:15:00,1128.0,0.6861313868613139
2023-05-06 14:15:00+02:00,2023-05-06 14:15:00,2023-05-06 14:30:00,1124.0,0.683698296836983
2023-05-06 14:30:00+02:00,2023-05-06 14:30:00,2023-05-06 14:45:00,1100.0,0.6690997566909975
2023-05-06 14:45:00+02:00,2023-05-06 14:45:00,2023-05-06 15:00:00,1064.0,0.6472019464720195
2023-05-06 15:00:00+02:00,2023-05-06 15:00:00,2023-05-06 15:15:00,1024.0,0.6228710462287105
2023-05-06 15:15:00+02:00,2023-05-06 15:15:00,2023-05-06 15:30:00,992.0,0.6034063260340633
2023-05-06 15:30:00+02:00,2023-05-06 15:30:00,2023-05-06 15:45:00,948.0,0.5766423357664233
2023-05-06 15:45:00+02:00,2023-05-06 15:45:00,2023-05-06 16:00:00,904.0,0.5498783454987834
2023-05-06 16:00:00+02:00,2023-05-06 16:00:00,2023-05-06 16:15:00,852.0,0.5182481751824818
2023-05-06 16:15:00+02:00,2023-05-06 16:15:00,2023-05-06 16:30:00,804.0,0.48905109489051096
2023-05-06 16:30:00+02:00,2023-05-06 16:30:00,2023-05-06 16:45:00,752.0,0.45742092457420924
2023-05-06 16:45:00+02:00,2023-05-06 16:45:00,2023-05-06 17:00:00,704.0,0.4282238442822384
2023-05-06 17:00:00+02:00,2023-05-06 17:00:00,2023-05-06 17:15:00,644.0,0.39172749391727496
2023-05-06 17:15:00+02:00,2023-05-06 17:15:00,2023-05-06 17:30:00,580.0,0.35279805352798055
2023-05-06 17:30:00+02:00,2023-05-06 17:30:00,2023-05-06 17:45:00,516.0,0.31386861313868614
2023-05-06 17:45:00+02:00,2023-05-06 17:45:00,2023-05-06 18:00:00,448.0,0.2725060827250608
2023-05-06 18:00:00+02:00,2023-05-06 18:00:00,2023-05-06 18:15:00,380.0,0.23114355231143552
2023-05-06 18:15:00+02:00,2023-05-06 18:15:00,2023-05-06 18:30:00,312.0,0.1897810218978102
2023-05-06 18:30:00+02:00,2023-05-06 18:30:00,2023-05-06 18:45:00,256.0,0.15571776155717762
2023-05-06 18:45:00+02:00,2023-05-06 18:45:00,2023-05-06 19:00:00,200.0,0.12165450121654502
2023-05-06 19:00:00+02:00,2023-05-06 19:00:00,2023-05-06 19:15:00,152.0,0.09245742092457421
2023-05-06 19:15:00+02:00,2023-05-06 19:15:00,2023-05-06 19:30:00,112.0,0.0681265206812652
2023-05-06 19:30:00+02:00,2023-05-06 19:30:00,2023-05-06 19:45:00,80.0,0.04866180048661801
2023-05-06 19:45:00+02:00,2023-05-06 19:45:00,2023-05-06 20:00:00,64.0,0.038929440389294405
2023-05-06 20:00:00+02:00,2023-05-06 20:00:00,2023-05-06 20:15:00,60.0,0.0364963503649635
2023-05-06 20:15:00+02:00,2023-05-06 20:15:00,2023-05-06 20:30:00,4.0,0.0024330900243309003
2023-05-06 20:30:00+02:00,2023-05-06 20:30:00,2023-05-06 20:45:00,0.0,0.0
2023-05-06 20:45:00+02:00,2023-05-06 20:45:00,2023-05-06 21:00:00,0.0,0.0
2023-05-06 21:00:00+02:00,2023-05-06 21:00:00,2023-05-06 21:15:00,0.0,0.0
2023-05-06 21:15:00+02:00,2023-05-06 21:15:00,2023-05-06 21:30:00,0.0,0.0
2023-05-06 21:30:00+02:00,2023-05-06 21:30:00,2023-05-06 21:45:00,0.0,0.0
2023-05-06 21:45:00+02:00,2023-05-06 21:45:00,2023-05-06 22:00:00,0.0,0.0
2023-05-06 22:00:00+02:00,2023-05-06 22:00:00,2023-05-06 22:15:00,0.0,0.0
2023-05-06 22:15:00+02:00,2023-05-06 22:15:00,2023-05-06 22:30:00,0.0,0.0
2023-05-06 22:30:00+02:00,2023-05-06 22:30:00,2023-05-06 22:45:00,0.0,0.0
2023-05-06 22:45:00+02:00,2023-05-06 22:45:00,2023-05-06 23:00:00,0.0,0.0
2023-05-06 23:00:00+02:00,2023-05-06 23:00:00,2023-05-06 23:15:00,0.0,0.0
2023-05-06 23:15:00+02:00,2023-05-06 23:15:00,2023-05-06 23:30:00,0.0,0.0
2023-05-06 23:30:00+02:00,2023-05-06 23:30:00,2023-05-06 23:45:00,0.0,0.0
2023-05-06 23:45:00+02:00,2023-05-06 23:45:00,2023-05-07 00:00:00,0.0,0.0
2023-05-07 00:00:00+02:00,2023-05-07 00:00:00,2023-05-07 00:15:00,0.0,0.0
2023-05-07 00:15:00+02:00,2023-05-07 00:15:00,2023-05-07 00:30:00,0.0,0.0
2023-05-07 00:30:00+02:00,2023-05-07 00:30:00,2023-05-07 00:45:00,0.0,0.0
2023-05-07 00:45:00+02:00,2023-05-07 00:45:00,2023-05-07 01:00:00,0.0,0.0
2023-05-07 01:00:00+02:00,2023-05-07 01:00:00,2023-05-07 01:15:00,0.0,0.0
2023-05-07 01:15:00+02:00,2023-05-07 01:15:00,2023-05-07 01:30:00,0.0,0.0
2023-05-07 01:30:00+02:00,2023-05-07 01:30:00,2023-05-07 01:45:00,0.0,0.0
2023-05-07 01:45:00+02:00,2023-05-07 01:45:00,2023-05-07 02:00:00,0.0,0.0
2023-05-07 02:00:00+02:00,2023-05-07 02:00:00,2023-05-07 02:15:00,0.0,0.0
2023-05-07 02:15:00+02:00,2023-05-07 02:15:00,2023-05-07 02:30:00,0.0,0.0
2023-05-07 02:30:00+02:00,2023-05-07 02:30:00,2023-05-07 02:45:00,0.0,0.0
2023-05-07 02:45:00+02:00,2023-05-07 02:45:00,2023-05-07 03:00:00,0.0,0.0
2023-05-07 03:00:00+02:00,2023-05-07 03:00:00,2023-05-07 03:15:00,0.0,0.0
2023-05-07 03:15:00+02:00,2023-05-07 03:15:00,2023-05-07 03:30:00,0.0,0.0
2023-05-07 03:30:00+02:00,2023-05-07 03:30:00,2023-05-07 03:45:00,0.0,0.0
2023-05-07 03:45:00+02:00,2023-05-07 03:45:00,2023-05-07 04:00:00,0.0,0.0
2023-05-07 04:00:00+02:00,2023-05-07 04:00:00,2023-05-07 04:15:00,0.0,0.0
2023-05-07 04:15:00+02:00,2023-05-07 04:15:00,2023-05-07 04:30:00,0.0,0.0
2023-05-07 04:30:00+02:00,2023-05-07 04:30:00,2023-05-07 04:45:00,0.0,0.0
2023-05-07 04:45:00+02:00,2023-05-07 04:45:00,2023-05-07 05:00:00,0.0,0.0
2023-05-07 05:00:00+02:00,2023-05-07 05:00:00,2023-05-07 05:15:00,0.0,0.0
2023-05-07 05:15:00+02:00,2023-05-07 05:15:00,2023-05-07 05:30:00,0.0,0.0
2023-05-07 05:30:00+02:00,2023-05-07 05:30:00,2023-05-07 05:45:00,16.0,0.009732360097323601
2023-05-07 05:45:00+02:00,2023-05-07 05:45:00,2023-05-07 06:00:00,52.0,0.031630170316301706
2023-05-07 06:00:00+02:00,2023-05-07 06:00:00,2023-05-07 06:15:00,52.0,0.031630170316301706
2023-05-07 06:15:00+02:00,2023-05-07 06:15:00,2023-05-07 06:30:00,56.0,0.0340632603406326
2023-05-07 06:30:00+02:00,2023-05-07 06:30:00,2023-05-07 06:45:00,72.0,0.043795620437956206
2023-05-07 06:45:00+02:00,2023-05-07 06:45:00,2023-05-07 07:00:00,96.0,0.058394160583941604
2023-05-07 07:00:00+02:00,2023-05-07 07:00:00,2023-05-07 07:15:00,148.0,0.09002433090024331
2023-05-07 07:15:00+02:00,2023-05-07 07:15:00,2023-05-07 07:30:00,196.0,0.1192214111922141
2023-05-07 07:30:00+02:00,2023-05-07 07:30:00,2023-05-07 07:45:00,260.0,0.15815085158150852
2023-05-07 07:45:00+02:00,2023-05-07 07:45:00,2023-05-07 08:00:00,332.0,0.20194647201946472
2023-05-07 08:00:00+02:00,2023-05-07 08:00:00,2023-05-07 08:15:00,412.0,0.25060827250608275
2023-05-07 08:15:00+02:00,2023-05-07 08:15:00,2023-05-07 08:30:00,492.0,0.29927007299270075
2023-05-07 08:30:00+02:00,2023-05-07 08:30:00,2023-05-07 08:45:00,580.0,0.35279805352798055
2023-05-07 08:45:00+02:00,2023-05-07 08:45:00,2023-05-07 09:00:00,676.0,0.41119221411192214
2023-05-07 09:00:00+02:00,2023-05-07 09:00:00,2023-05-07 09:15:00,780.0,0.4744525547445255
2023-05-07 09:15:00+02:00,2023-05-07 09:15:00,2023-05-07 09:30:00,888.0,0.5401459854014599
2023-05-07 09:30:00+02:00,2023-05-07 09:30:00,2023-05-07 09:45:00,988.0,0.6009732360097324
2023-05-07 09:45:00+02:00,2023-05-07 09:45:00,2023-05-07 10:00:00,1076.0,0.6545012165450121
2023-05-07 10:00:00+02:00,2023-05-07 10:00:00,2023-05-07 10:15:00,1168.0,0.7104622871046229
2023-05-07 10:15:00+02:00,2023-05-07 10:15:00,2023-05-07 10:30:00,1260.0,0.7664233576642335
2023-05-07 10:30:00+02:00,2023-05-07 10:30:00,2023-05-07 10:45:00,1324.0,0.805352798053528
2023-05-07 10:45:00+02:00,2023-05-07 10:45:00,2023-05-07 11:00:00,1368.0,0.8321167883211679
2023-05-07 11:00:00+02:00,2023-05-07 11:00:00,2023-05-07 11:15:00,1412.0,0.8588807785888077
2023-05-07 11:15:00+02:00,2023-05-07 11:15:00,2023-05-07 11:30:00,1460.0,0.8880778588807786
2023-05-07 11:30:00+02:00,2023-05-07 11:30:00,2023-05-07 11:45:00,1488.0,0.9051094890510949
2023-05-07 11:45:00+02:00,2023-05-07 11:45:00,2023-05-07 12:00:00,1500.0,0.9124087591240876
2023-05-07 12:00:00+02:00,2023-05-07 12:00:00,2023-05-07 12:15:00,1520.0,0.9245742092457421
2023-05-07 12:15:00+02:00,2023-05-07 12:15:00,2023-05-07 12:30:00,1548.0,0.9416058394160584
2023-05-07 12:30:00+02:00,2023-05-07 12:30:00,2023-05-07 12:45:00,1556.0,0.9464720194647201
2023-05-07 12:45:00+02:00,2023-05-07 12:45:00,2023-05-07 13:00:00,1548.0,0.9416058394160584
2023-05-07 13:00:00+02:00,2023-05-07 13:00:00,2023-05-07 13:15:00,1536.0,0.9343065693430657
2023-05-07 13:15:00+02:00,2023-05-07 13:15:00,2023-05-07 13:30:00,1532.0,0.9318734793187348
2023-05-07 13:30:00+02:00,2023-05-07 13:30:00,2023-05-07 13:45:00,1516.0,0.9221411192214112
2023-05-07 13:45:00+02:00,2023-05-07 13:45:00,2023-05-07 14:00:00,1488.0,0.9051094890510949
2023-05-07 14:00:00+02:00,2023-05-07 14:00:00,2023-05-07 14:15:00,1460.0,0.8880778588807786
2023-05-07 14:15:00+02:00,2023-05-07 14:15:00,2023-05-07 14:30:00,1436.0,0.8734793187347932
2023-05-07 14:30:00+02:00,2023-05-07 14:30:00,2023-05-07 14:45:00,1392.0,0.8467153284671532
2023-05-07 14:45:00+02:00,2023-05-07 14:45:00,2023-05-07 15:00:00,1336.0,0.8126520681265207
2023-05-07 15:00:00+02:00,2023-05-07 15:00:00,2023-05-07 15:15:00,1272.0,0.7737226277372263
2023-05-07 15:15:00+02:00,2023-05-07 15:15:00,2023-05-07 15:30:00,1216.0,0.7396593673965937
2023-05-07 15:30:00+02:00,2023-05-07 15:30:00,2023-05-07 15:45:00,1152.0,0.7007299270072993
2023-05-07 15:45:00+02:00,2023-05-07 15:45:00,2023-05-07 16:00:00,1092.0,0.6642335766423357
2023-05-07 16:00:00+02:00,2023-05-07 16:00:00,2023-05-07 16:15:00,1020.0,0.6204379562043796
2023-05-07 16:15:00+02:00,2023-05-07 16:15:00,2023-05-07 16:30:00,952.0,0.5790754257907542
2023-05-07 16:30:00+02:00,2023-05-07 16:30:00,2023-05-07 16:45:00,880.0,0.5352798053527981
2023-05-07 16:45:00+02:00,2023-05-07 16:45:00,2023-05-07 17:00:00,812.0,0.49391727493917276
2023-05-07 17:00:00+02:00,2023-05-07 17:00:00,2023-05-07 17:15:00,728.0,0.44282238442822386
2023-05-07 17:15:00+02:00,2023-05-07 17:15:00,2023-05-07 17:30:00,644.0,0.39172749391727496
2023-05-07 17:30:00+02:00,2023-05-07 17:30:00,2023-05-07 17:45:00,560.0,0.340632603406326
2023-05-07 17:45:00+02:00,2023-05-07 17:45:00,2023-05-07 18:00:00,484.0,0.2944038929440389
2023-05-07 18:00:00+02:00,2023-05-07 18:00:00,2023-05-07 18:15:00,400.0,0.24330900243309003
2023-05-07 18:15:00+02:00,2023-05-07 18:15:00,2023-05-07 18:30:00,320.0,0.19464720194647203
2023-05-07 18:30:00+02:00,2023-05-07 18:30:00,2023-05-07 18:45:00,256.0,0.15571776155717762
2023-05-07 18:45:00+02:00,2023-05-07 18:45:00,2023-05-07 19:00:00,200.0,0.12165450121654502
2023-05-07 19:00:00+02:00,2023-05-07 19:00:00,2023-05-07 19:15:00,152.0,0.09245742092457421
2023-05-07 19:15:00+02:00,2023-05-07 19:15:00,2023-05-07 19:30:00,108.0,0.06569343065693431
2023-05-07 19:30:00+02:00,2023-05-07 19:30:00,2023-05-07 19:45:00,76.0,0.046228710462287104
2023-05-07 19:45:00+02:00,2023-05-07 19:45:00,2023-05-07 20:00:00,60.0,0.0364963503649635
2023-05-07 20:00:00+02:00,2023-05-07 20:00:00,2023-05-07 20:15:00,64.0,0.038929440389294405
2023-05-07 20:15:00+02:00,2023-05-07 20:15:00,2023-05-07 20:30:00,8.0,0.004866180048661801
2023-05-07 20:30:00+02:00,2023-05-07 20:30:00,2023-05-07 20:45:00,0.0,0.0
2023-05-07 20:45:00+02:00,2023-05-07 20:45:00,2023-05-07 21:00:00,0.0,0.0
2023-05-07 21:00:00+02:00,2023-05-07 21:00:00,2023-05-07 21:15:00,0.0,0.0
2023-05-07 21:15:00+02:00,2023-05-07 21:15:00,2023-05-07 21:30:00,0.0,0.0
2023-05-07 21:30:00+02:00,2023-05-07 21:30:00,2023-05-07 21:45:00,0.0,0.0
2023-05-07 21:45:00+02:00,2023-05-07 21:45:00,2023-05-07 22:00:00,0.0,0.0
2023-05-07 22:00:00+02:00,2023-05-07 22:00:00,2023-05-07 22:15:00,0.0,0.0
2023-05-07 22:15:00+02:00,2023-05-07 22:15:00,2023-05-07 22:30:00,0.0,0.0
2023-05-07 22:30:00+02:00,2023-05-07 22:30:00,2023-05-07 22:45:00,0.0,0.0
2023-05-07 22:45:00+02:00,2023-05-07 22:45:00,2023-05-07 23:00:00,0.0,0.0
2023-05-07 23:00:00+02:00,2023-05-07 23:00:00,2023-05-07 23:15:00,0.0,0.0
2023-05-07 23:15:00+02:00,2023-05-07 23:15:00,2023-05-07 23:30:00,0.0,0.0
2023-05-07 23:30:00+02:00,2023-05-07 23:30:00,2023-05-07 23:45:00,0.0,0.0
2023-05-07 23:45:00+02:00,2023-05-07 23:45:00,2023-05-08 00:00:00,0.0,0.0
2023-05-08 00:00:00+02:00,2023-05-08 00:00:00,2023-05-08 00:15:00,0.0,0.0
2023-05-08 00:15:00+02:00,2023-05-08 00:15:00,2023-05-08 00:30:00,0.0,0.0
2023-05-08 00:30:00+02:00,2023-05-08 00:30:00,2023-05-08 00:45:00,0.0,0.0
2023-05-08 00:45:00+02:00,2023-05-08 00:45:00,2023-05-08 01:00:00,0.0,0.0
2023-05-08 01:00:00+02:00,2023-05-08 01:00:00,2023-05-08 01:15:00,0.0,0.0
2023-05-08 01:15:00+02:00,2023-05-08 01:15:00,2023-05-08 01:30:00,0.0,0.0
2023-05-08 01:30:00+02:00,2023-05-08 01:30:00,2023-05-08 01:45:00,0.0,0.0
2023-05-08 01:45:00+02:00,2023-05-08 01:45:00,2023-05-08 02:00:00,0.0,0.0
2023-05-08 02:00:00+02:00,2023-05-08 02:00:00,2023-05-08 02:15:00,0.0,0.0
2023-05-08 02:15:00+02:00,2023-05-08 02:15:00,2023-05-08 02:30:00,0.0,0.0
2023-05-08 02:30:00+02:00,2023-05-08 02:30:00,2023-05-08 02:45:00,0.0,0.0
2023-05-08 02:45:00+02:00,2023-05-08 02:45:00,2023-05-08 03:00:00,0.0,0.0
2023-05-08 03:00:00+02:00,2023-05-08 03:00:00,2023-05-08 03:15:00,0.0,0.0
2023-05-08 03:15:00+02:00,2023-05-08 03:15:00,2023-05-08 03:30:00,0.0,0.0
2023-05-08 03:30:00+02:00,2023-05-08 03:30:00,2023-05-08 03:45:00,0.0,0.0
2023-05-08 03:45:00+02:00,2023-05-08 03:45:00,2023-05-08 04:00:00,0.0,0.0
2023-05-08 04:00:00+02:00,2023-05-08 04:00:00,2023-05-08 04:15:00,0.0,0.0
2023-05-08 04:15:00+02:00,2023-05-08 04:15:00,2023-05-08 04:30:00,0.0,0.0
2023-05-08 04:30:00+02:00,2023-05-08 04:30:00,2023-05-08 04:45:00,0.0,0.0
2023-05-08 04:45:00+02:00,2023-05-08 04:45:00,2023-05-08 05:00:00,0.0,0.0
2023-05-08 05:00:00+02:00,2023-05-08 05:00:00,2023-05-08 05:15:00,0.0,0.0
2023-05-08 05:15:00+02:00,2023-05-08 05:15:00,2023-05-08 05:30:00,0.0,0.0
2023-05-08 05:30:00+02:00,2023-05-08 05:30:00,2023-05-08 05:45:00,20.0,0.01466275659824047
2023-05-08 05:45:00+02:00,2023-05-08 05:45:00,2023-05-08 06:00:00,48.0,0.03519061583577713
2023-05-08 06:00:00+02:00,2023-05-08 06:00:00,2023-05-08 06:15:00,52.0,0.03812316715542522
2023-05-08 06:15:00+02:00,2023-05-08 06:15:00,2023-05-08 06:30:00,56.0,0.04105571847507331
2023-05-08 06:30:00+02:00,2023-05-08 06:30:00,2023-05-08 06:45:00,68.0,0.04985337243401759
2023-05-08 06:45:00+02:00,2023-05-08 06:45:00,2023-05-08 07:00:00,84.0,0.06158357771260997
2023-05-08 07:00:00+02:00,2023-05-08 07:00:00,2023-05-08 07:15:00,112.0,0.08211143695014662
2023-05-08 07:15:00+02:00,2023-05-08 07:15:00,2023-05-08 07:30:00,140.0,0.10263929618768329
2023-05-08 07:30:00+02:00,2023-05-08 07:30:00,2023-05-08 07:45:00,176.0,0.12903225806451613
2023-05-08 07:45:00+02:00,2023-05-08 07:45:00,2023-05-08 08:00:00,220.0,0.16129032258064516
2023-05-08 08:00:00+02:00,2023-05-08 08:00:00,2023-05-08 08:15:00,272.0,0.19941348973607037
2023-05-08 08:15:00+02:00,2023-05-08 08:15:00,2023-05-08 08:30:00,320.0,0.23460410557184752
2023-05-08 08:30:00+02:00,2023-05-08 08:30:00,2023-05-08 08:45:00,376.0,0.2756598240469208
2023-05-08 08:45:00+02:00,2023-05-08 08:45:00,2023-05-08 09:00:00,428.0,0.31378299120234604
2023-05-08 09:00:00+02:00,2023-05-08 09:00:00,2023-05-08 09:15:00,488.0,0.35777126099706746
2023-05-08 09:15:00+02:00,2023-05-08 09:15:00,2023-05-08 09:30:00,548.0,0.40175953079178883
2023-05-08 09:30:00+02:00,2023-05-08 09:30:00,2023-05-08 09:45:00,600.0,0.4398826979472141
2023-05-08 09:45:00+02:00,2023-05-08 09:45:00,2023-05-08 10:00:00,648.0,0.4750733137829912
2023-05-08 10:00:00+02:00,2023-05-08 10:00:00,2023-05-08 10:15:00,696.0,0.5102639296187683
2023-05-08 10:15:00+02:00,2023-05-08 10:15:00,2023-05-08 10:30:00,748.0,0.5483870967741935
2023-05-08 10:30:00+02:00,2023-05-08 10:30:00,2023-05-08 10:45:00,788.0,0.5777126099706745
2023-05-08 10:45:00+02:00,2023-05-08 10:45:00,2023-05-08 11:00:00,816.0,0.5982404692082112
2023-05-08 11:00:00+02:00,2023-05-08 11:00:00,2023-05-08 11:15:00,844.0,0.6187683284457478
2023-05-08 11:15:00+02:00,2023-05-08 11:15:00,2023-05-08 11:30:00,872.0,0.6392961876832844
2023-05-08 11:30:00+02:00,2023-05-08 11:30:00,2023-05-08 11:45:00,896.0,0.656891495601173
2023-05-08 11:45:00+02:00,2023-05-08 11:45:00,2023-05-08 12:00:00,920.0,0.6744868035190615
2023-05-08 12:00:00+02:00,2023-05-08 12:00:00,2023-05-08 12:15:00,952.0,0.6979472140762464
2023-05-08 12:15:00+02:00,2023-05-08 12:15:00,2023-05-08 12:30:00,984.0,0.7214076246334311
2023-05-08 12:30:00+02:00,2023-05-08 12:30:00,2023-05-08 12:45:00,1004.0,0.7360703812316716
2023-05-08 12:45:00+02:00,2023-05-08 12:45:00,2023-05-08 13:00:00,1008.0,0.7390029325513197
2023-05-08 13:00:00+02:00,2023-05-08 13:00:00,2023-05-08 13:15:00,1012.0,0.7419354838709677
2023-05-08 13:15:00+02:00,2023-05-08 13:15:00,2023-05-08 13:30:00,1024.0,0.750733137829912
2023-05-08 13:30:00+02:00,2023-05-08 13:30:00,2023-05-08 13:45:00,1020.0,0.7478005865102639
2023-05-08 13:45:00+02:00,2023-05-08 13:45:00,2023-05-08 14:00:00,1004.0,0.7360703812316716
2023-05-08 14:00:00+02:00,2023-05-08 14:00:00,2023-05-08 14:15:00,988.0,0.7243401759530792
2023-05-08 14:15:00+02:00,2023-05-08 14:15:00,2023-05-08 14:30:00,976.0,0.7155425219941349
2023-05-08 14:30:00+02:00,2023-05-08 14:30:00,2023-05-08 14:45:00,952.0,0.6979472140762464
2023-05-08 14:45:00+02:00,2023-05-08 14:45:00,2023-05-08 15:00:00,920.0,0.6744868035190615
2023-05-08 15:00:00+02:00,2023-05-08 15:00:00,2023-05-08 15:15:00,884.0,0.6480938416422287
2023-05-08 15:15:00+02:00,2023-05-08 15:15:00,2023-05-08 15:30:00,852.0,0.624633431085044
2023-05-08 15:30:00+02:00,2023-05-08 15:30:00,2023-05-08 15:45:00,812.0,0.5953079178885631
2023-05-08 15:45:00+02:00,2023-05-08 15:45:00,2023-05-08 16:00:00,768.0,0.5630498533724341
2023-05-08 16:00:00+02:00,2023-05-08 16:00:00,2023-05-08 16:15:00,720.0,0.5278592375366569
2023-05-08 16:15:00+02:00,2023-05-08 16:15:00,2023-05-08 16:30:00,680.0,0.49853372434017595
2023-05-08 16:30:00+02:00,2023-05-08 16:30:00,2023-05-08 16:45:00,632.0,0.4633431085043988
2023-05-08 16:45:00+02:00,2023-05-08 16:45:00,2023-05-08 17:00:00,584.0,0.4281524926686217
2023-05-08 17:00:00+02:00,2023-05-08 17:00:00,2023-05-08 17:15:00,528.0,0.3870967741935484
2023-05-08 17:15:00+02:00,2023-05-08 17:15:00,2023-05-08 17:30:00,472.0,0.3460410557184751
2023-05-08 17:30:00+02:00,2023-05-08 17:30:00,2023-05-08 17:45:00,412.0,0.3020527859237537
2023-05-08 17:45:00+02:00,2023-05-08 17:45:00,2023-05-08 18:00:00,356.0,0.26099706744868034
2023-05-08 18:00:00+02:00,2023-05-08 18:00:00,2023-05-08 18:15:00,300.0,0.21994134897360704
2023-05-08 18:15:00+02:00,2023-05-08 18:15:00,2023-05-08 18:30:00,240.0,0.17595307917888564
2023-05-08 18:30:00+02:00,2023-05-08 18:30:00,2023-05-08 18:45:00,196.0,0.1436950146627566
2023-05-08 18:45:00+02:00,2023-05-08 18:45:00,2023-05-08 19:00:00,156.0,0.11436950146627566
2023-05-08 19:00:00+02:00,2023-05-08 19:00:00,2023-05-08 19:15:00,124.0,0.09090909090909091
2023-05-08 19:15:00+02:00,2023-05-08 19:15:00,2023-05-08 19:30:00,96.0,0.07038123167155426
2023-05-08 19:30:00+02:00,2023-05-08 19:30:00,2023-05-08 19:45:00,76.0,0.05571847507331378
2023-05-08 19:45:00+02:00,2023-05-08 19:45:00,2023-05-08 20:00:00,60.0,0.04398826979472141
2023-05-08 20:00:00+02:00,2023-05-08 20:00:00,2023-05-08 20:15:00,56.0,0.04105571847507331
2023-05-08 20:15:00+02:00,2023-05-08 20:15:00,2023-05-08 20:30:00,8.0,0.005865102639296188
2023-05-08 20:30:00+02:00,2023-05-08 20:30:00,2023-05-08 20:45:00,0.0,0.0
2023-05-08 20:45:00+02:00,2023-05-08 20:45:00,2023-05-08 21:00:00,0.0,0.0
2023-05-08 21:00:00+02:00,2023-05-08 21:00:00,2023-05-08 21:15:00,0.0,0.0
2023-05-08 21:15:00+02:00,2023-05-08 21:15:00,2023-05-08 21:30:00,0.0,0.0
2023-05-08 21:30:00+02:00,2023-05-08 21:30:00,2023-05-08 21:45:00,0.0,0.0
2023-05-08 21:45:00+02:00,2023-05-08 21:45:00,2023-05-08 22:00:00,0.0,0.0
2023-05-08 22:00:00+02:00,2023-05-08 22:00:00,2023-05-08 22:15:00,0.0,0.0
2023-05-08 22:15:00+02:00,2023-05-08 22:15:00,2023-05-08 22:30:00,0.0,0.0
2023-05-08 22:30:00+02:00,2023-05-08 22:30:00,2023-05-08 22:45:00,0.0,0.0
2023-05-08 22:45:00+02:00,2023-05-08 22:45:00,2023-05-08 23:00:00,0.0,0.0
2023-05-08 23:00:00+02:00,2023-05-08 23:00:00,2023-05-08 23:15:00,0.0,0.0
2023-05-08 23:15:00+02:00,2023-05-08 23:15:00,2023-05-08 23:30:00,0.0,0.0
2023-05-08 23:30:00+02:00,2023-05-08 23:30:00,2023-05-08 23:45:00,0.0,0.0
2023-05-08 23:45:00+02:00,2023-05-08 23:45:00,2023-05-09 00:00:00,0.0,0.0
2023-05-09 00:00:00+02:00,2023-05-09 00:00:00,2023-05-09 00:15:00,0.0,0.0
2023-05-09 00:15:00+02:00,2023-05-09 00:15:00,2023-05-09 00:30:00,0.0,0.0
2023-05-09 00:30:00+02:00,2023-05-09 00:30:00,2023-05-09 00:45:00,0.0,0.0
2023-05-09 00:45:00+02:00,2023-05-09 00:45:00,2023-05-09 01:00:00,0.0,0.0
2023-05-09 01:00:00+02:00,2023-05-09 01:00:00,2023-05-09 01:15:00,0.0,0.0
2023-05-09 01:15:00+02:00,2023-05-09 01:15:00,2023-05-09 01:30:00,0.0,0.0
2023-05-09 01:30:00+02:00,2023-05-09 01:30:00,2023-05-09 01:45:00,0.0,0.0
2023-05-09 01:45:00+02:00,2023-05-09 01:45:00,2023-05-09 02:00:00,0.0,0.0
2023-05-09 02:00:00+02:00,2023-05-09 02:00:00,2023-05-09 02:15:00,0.0,0.0
2023-05-09 02:15:00+02:00,2023-05-09 02:15:00,2023-05-09 02:30:00,0.0,0.0
2023-05-09 02:30:00+02:00,2023-05-09 02:30:00,2023-05-09 02:45:00,0.0,0.0
2023-05-09 02:45:00+02:00,2023-05-09 02:45:00,2023-05-09 03:00:00,0.0,0.0
2023-05-09 03:00:00+02:00,2023-05-09 03:00:00,2023-05-09 03:15:00,0.0,0.0
2023-05-09 03:15:00+02:00,2023-05-09 03:15:00,2023-05-09 03:30:00,0.0,0.0
2023-05-09 03:30:00+02:00,2023-05-09 03:30:00,2023-05-09 03:45:00,0.0,0.0
2023-05-09 03:45:00+02:00,2023-05-09 03:45:00,2023-05-09 04:00:00,0.0,0.0
2023-05-09 04:00:00+02:00,2023-05-09 04:00:00,2023-05-09 04:15:00,0.0,0.0
2023-05-09 04:15:00+02:00,2023-05-09 04:15:00,2023-05-09 04:30:00,0.0,0.0
2023-05-09 04:30:00+02:00,2023-05-09 04:30:00,2023-05-09 04:45:00,0.0,0.0
2023-05-09 04:45:00+02:00,2023-05-09 04:45:00,2023-05-09 05:00:00,0.0,0.0
2023-05-09 05:00:00+02:00,2023-05-09 05:00:00,2023-05-09 05:15:00,0.0,0.0
2023-05-09 05:15:00+02:00,2023-05-09 05:15:00,2023-05-09 05:30:00,0.0,0.0
2023-05-09 05:30:00+02:00,2023-05-09 05:30:00,2023-05-09 05:45:00,28.0,0.020527859237536656
2023-05-09 05:45:00+02:00,2023-05-09 05:45:00,2023-05-09 06:00:00,52.0,0.03812316715542522
2023-05-09 06:00:00+02:00,2023-05-09 06:00:00,2023-05-09 06:15:00,52.0,0.03812316715542522
2023-05-09 06:15:00+02:00,2023-05-09 06:15:00,2023-05-09 06:30:00,60.0,0.04398826979472141
2023-05-09 06:30:00+02:00,2023-05-09 06:30:00,2023-05-09 06:45:00,76.0,0.05571847507331378
2023-05-09 06:45:00+02:00,2023-05-09 06:45:00,2023-05-09 07:00:00,104.0,0.07624633431085044
2023-05-09 07:00:00+02:00,2023-05-09 07:00:00,2023-05-09 07:15:00,144.0,0.10557184750733138
2023-05-09 07:15:00+02:00,2023-05-09 07:15:00,2023-05-09 07:30:00,188.0,0.1378299120234604
2023-05-09 07:30:00+02:00,2023-05-09 07:30:00,2023-05-09 07:45:00,244.0,0.17888563049853373
2023-05-09 07:45:00+02:00,2023-05-09 07:45:00,2023-05-09 08:00:00,308.0,0.22580645161290322
2023-05-09 08:00:00+02:00,2023-05-09 08:00:00,2023-05-09 08:15:00,384.0,0.28152492668621704
2023-05-09 08:15:00+02:00,2023-05-09 08:15:00,2023-05-09 08:30:00,460.0,0.33724340175953077
2023-05-09 08:30:00+02:00,2023-05-09 08:30:00,2023-05-09 08:45:00,540.0,0.39589442815249265
2023-05-09 08:45:00+02:00,2023-05-09 08:45:00,2023-05-09 09:00:00,616.0,0.45161290322580644
2023-05-09 09:00:00+02:00,2023-05-09 09:00:00,2023-05-09 09:15:00,696.0,0.5102639296187683
2023-05-09 09:15:00+02:00,2023-05-09 09:15:00,2023-05-09 09:30:00,776.0,0.5689149560117303
2023-05-09 09:30:00+02:00,2023-05-09 09:30:00,2023-05-09 09:45:00,852.0,0.624633431085044
2023-05-09 09:45:00+02:00,2023-05-09 09:45:00,2023-05-09 10:00:00,920.0,0.6744868035190615
2023-05-09 10:00:00+02:00,2023-05-09 10:00:00,2023-05-09 10:15:00,992.0,0.7272727272727273
2023-05-09 10:15:00+02:00,2023-05-09 10:15:00,2023-05-09 10:30:00,1060.0,0.7771260997067448
2023-05-09 10:30:00+02:00,2023-05-09 10:30:00,2023-05-09 10:45:00,1116.0,0.8181818181818182
2023-05-09 10:45:00+02:00,2023-05-09 10:45:00,2023-05-09 11:00:00,1160.0,0.8504398826979472
2023-05-09 11:00:00+02:00,2023-05-09 11:00:00,2023-05-09 11:15:00,1200.0,0.8797653958944281
2023-05-09 11:15:00+02:00,2023-05-09 11:15:00,2023-05-09 11:30:00,1244.0,0.9120234604105572
2023-05-09 11:30:00+02:00,2023-05-09 11:30:00,2023-05-09 11:45:00,1272.0,0.9325513196480938
2023-05-09 11:45:00+02:00,2023-05-09 11:45:00,2023-05-09 12:00:00,1292.0,0.9472140762463344
2023-05-09 12:00:00+02:00,2023-05-09 12:00:00,2023-05-09 12:15:00,1316.0,0.9648093841642229
2023-05-09 12:15:00+02:00,2023-05-09 12:15:00,2023-05-09 12:30:00,1348.0,0.9882697947214076
2023-05-09 12:30:00+02:00,2023-05-09 12:30:00,2023-05-09 12:45:00,1364.0,1.0
2023-05-09 12:45:00+02:00,2023-05-09 12:45:00,2023-05-09 13:00:00,1360.0,0.9970674486803519
2023-05-09 13:00:00+02:00,2023-05-09 13:00:00,2023-05-09 13:15:00,1356.0,0.9941348973607038
2023-05-09 13:15:00+02:00,2023-05-09 13:15:00,2023-05-09 13:30:00,1360.0,0.9970674486803519
2023-05-09 13:30:00+02:00,2023-05-09 13:30:00,2023-05-09 13:45:00,1352.0,0.9912023460410557
2023-05-09 13:45:00+02:00,2023-05-09 13:45:00,2023-05-09 14:00:00,1336.0,0.9794721407624634
2023-05-09 14:00:00+02:00,2023-05-09 14:00:00,2023-05-09 14:15:00,1320.0,0.967741935483871
2023-05-09 14:15:00+02:00,2023-05-09 14:15:00,2023-05-09 14:30:00,1304.0,0.9560117302052786
2023-05-09 14:30:00+02:00,2023-05-09 14:30:00,2023-05-09 14:45:00,1276.0,0.9354838709677419
2023-05-09 14:45:00+02:00,2023-05-09 14:45:00,2023-05-09 15:00:00,1240.0,0.9090909090909091
2023-05-09 15:00:00+02:00,2023-05-09 15:00:00,2023-05-09 15:15:00,1200.0,0.8797653958944281
2023-05-09 15:15:00+02:00,2023-05-09 15:15:00,2023-05-09 15:30:00,1164.0,0.8533724340175953
2023-05-09 15:30:00+02:00,2023-05-09 15:30:00,2023-05-09 15:45:00,1116.0,0.8181818181818182
2023-05-09 15:45:00+02:00,2023-05-09 15:45:00,2023-05-09 16:00:00,1064.0,0.7800586510263929
2023-05-09 16:00:00+02:00,2023-05-09 16:00:00,2023-05-09 16:15:00,1008.0,0.7390029325513197
2023-05-09 16:15:00+02:00,2023-05-09 16:15:00,2023-05-09 16:30:00,952.0,0.6979472140762464
2023-05-09 16:30:00+02:00,2023-05-09 16:30:00,2023-05-09 16:45:00,892.0,0.6539589442815249
2023-05-09 16:45:00+02:00,2023-05-09 16:45:00,2023-05-09 17:00:00,824.0,0.6041055718475073
2023-05-09 17:00:00+02:00,2023-05-09 17:00:00,2023-05-09 17:15:00,748.0,0.5483870967741935
2023-05-09 17:15:00+02:00,2023-05-09 17:15:00,2023-05-09 17:30:00,668.0,0.4897360703812317
2023-05-09 17:30:00+02:00,2023-05-09 17:30:00,2023-05-09 17:45:00,588.0,0.4310850439882698
2023-05-09 17:45:00+02:00,2023-05-09 17:45:00,2023-05-09 18:00:00,508.0,0.3724340175953079
2023-05-09 18:00:00+02:00,2023-05-09 18:00:00,2023-05-09 18:15:00,420.0,0.30791788856304986
2023-05-09 18:15:00+02:00,2023-05-09 18:15:00,2023-05-09 18:30:00,340.0,0.24926686217008798
2023-05-09 18:30:00+02:00,2023-05-09 18:30:00,2023-05-09 18:45:00,276.0,0.20234604105571846
2023-05-09 18:45:00+02:00,2023-05-09 18:45:00,2023-05-09 19:00:00,220.0,0.16129032258064516
2023-05-09 19:00:00+02:00,2023-05-09 19:00:00,2023-05-09 19:15:00,168.0,0.12316715542521994
2023-05-09 19:15:00+02:00,2023-05-09 19:15:00,2023-05-09 19:30:00,124.0,0.09090909090909091
2023-05-09 19:30:00+02:00,2023-05-09 19:30:00,2023-05-09 19:45:00,88.0,0.06451612903225806
2023-05-09 19:45:00+02:00,2023-05-09 19:45:00,2023-05-09 20:00:00,64.0,0.0469208211143695
2023-05-09 20:00:00+02:00,2023-05-09 20:00:00,2023-05-09 20:15:00,60.0,0.04398826979472141
2023-05-09 20:15:00+02:00,2023-05-09 20:15:00,2023-05-09 20:30:00,12.0,0.008797653958944282
2023-05-09 20:30:00+02:00,2023-05-09 20:30:00,2023-05-09 20:45:00,0.0,0.0
2023-05-09 20:45:00+02:00,2023-05-09 20:45:00,2023-05-09 21:00:00,0.0,0.0
2023-05-09 21:00:00+02:00,2023-05-09 21:00:00,2023-05-09 21:15:00,0.0,0.0
2023-05-09 21:15:00+02:00,2023-05-09 21:15:00,2023-05-09 21:30:00,0.0,0.0
2023-05-09 21:30:00+02:00,2023-05-09 21:30:00,2023-05-09 21:45:00,0.0,0.0
2023-05-09 21:45:00+02:00,2023-05-09 21:45:00,2023-05-09 22:00:00,0.0,0.0
2023-05-09 22:00:00+02:00,2023-05-09 22:00:00,2023-05-09 22:15:00,0.0,0.0
2023-05-09 22:15:00+02:00,2023-05-09 22:15:00,2023-05-09 22:30:00,0.0,0.0
2023-05-09 22:30:00+02:00,2023-05-09 22:30:00,2023-05-09 22:45:00,0.0,0.0
2023-05-09 22:45:00+02:00,2023-05-09 22:45:00,2023-05-09 23:00:00,0.0,0.0
2023-05-09 23:00:00+02:00,2023-05-09 23:00:00,2023-05-09 23:15:00,0.0,0.0
2023-05-09 23:15:00+02:00,2023-05-09 23:15:00,2023-05-09 23:30:00,0.0,0.0
2023-05-09 23:30:00+02:00,2023-05-09 23:30:00,2023-05-09 23:45:00,0.0,0.0
2023-05-09 23:45:00+02:00,2023-05-09 23:45:00,2023-05-10 00:00:00,0.0,0.0
2023-05-10 00:00:00+02:00,2023-05-10 00:00:00,2023-05-10 00:15:00,0.0,0.0
2023-05-10 00:15:00+02:00,2023-05-10 00:15:00,2023-05-10 00:30:00,0.0,0.0
2023-05-10 00:30:00+02:00,2023-05-10 00:30:00,2023-05-10 00:45:00,0.0,0.0
2023-05-10 00:45:00+02:00,2023-05-10 00:45:00,2023-05-10 01:00:00,0.0,0.0
2023-05-10 01:00:00+02:00,2023-05-10 01:00:00,2023-05-10 01:15:00,0.0,0.0
2023-05-10 01:15:00+02:00,2023-05-10 01:15:00,2023-05-10 01:30:00,0.0,0.0
2023-05-10 01:30:00+02:00,2023-05-10 01:30:00,2023-05-10 01:45:00,0.0,0.0
2023-05-10 01:45:00+02:00,2023-05-10 01:45:00,2023-05-10 02:00:00,0.0,0.0
2023-05-10 02:00:00+02:00,2023-05-10 02:00:00,2023-05-10 02:15:00,0.0,0.0
2023-05-10 02:15:00+02:00,2023-05-10 02:15:00,2023-05-10 02:30:00,0.0,0.0
2023-05-10 02:30:00+02:00,2023-05-10 02:30:00,2023-05-10 02:45:00,0.0,0.0
2023-05-10 02:45:00+02:00,2023-05-10 02:45:00,2023-05-10 03:00:00,0.0,0.0
2023-05-10 03:00:00+02:00,2023-05-10 03:00:00,2023-05-10 03:15:00,0.0,0.0
2023-05-10 03:15:00+02:00,2023-05-10 03:15:00,2023-05-10 03:30:00,0.0,0.0
2023-05-10 03:30:00+02:00,2023-05-10 03:30:00,2023-05-10 03:45:00,0.0,0.0
2023-05-10 03:45:00+02:00,2023-05-10 03:45:00,2023-05-10 04:00:00,0.0,0.0
2023-05-10 04:00:00+02:00,2023-05-10 04:00:00,2023-05-10 04:15:00,0.0,0.0
2023-05-10 04:15:00+02:00,2023-05-10 04:15:00,2023-05-10 04:30:00,0.0,0.0
2023-05-10 04:30:00+02:00,2023-05-10 04:30:00,2023-05-10 04:45:00,0.0,0.0
2023-05-10 04:45:00+02:00,2023-05-10 04:45:00,2023-05-10 05:00:00,0.0,0.0
2023-05-10 05:00:00+02:00,2023-05-10 05:00:00,2023-05-10 05:15:00,0.0,0.0
2023-05-10 05:15:00+02:00,2023-05-10 05:15:00,2023-05-10 05:30:00,0.0,0.0
2023-05-10 05:30:00+02:00,2023-05-10 05:30:00,2023-05-10 05:45:00,32.0,0.02346041055718475
2023-05-10 05:45:00+02:00,2023-05-10 05:45:00,2023-05-10 06:00:00,52.0,0.03812316715542522
2023-05-10 06:00:00+02:00,2023-05-10 06:00:00,2023-05-10 06:15:00,52.0,0.03812316715542522
2023-05-10 06:15:00+02:00,2023-05-10 06:15:00,2023-05-10 06:30:00,56.0,0.04105571847507331
2023-05-10 06:30:00+02:00,2023-05-10 06:30:00,2023-05-10 06:45:00,68.0,0.04985337243401759
2023-05-10 06:45:00+02:00,2023-05-10 06:45:00,2023-05-10 07:00:00,84.0,0.06158357771260997
2023-05-10 07:00:00+02:00,2023-05-10 07:00:00,2023-05-10 07:15:00,108.0,0.07917888563049853
2023-05-10 07:15:00+02:00,2023-05-10 07:15:00,2023-05-10 07:30:00,136.0,0.09970674486803519
2023-05-10 07:30:00+02:00,2023-05-10 07:30:00,2023-05-10 07:45:00,164.0,0.12023460410557185
2023-05-10 07:45:00+02:00,2023-05-10 07:45:00,2023-05-10 08:00:00,200.0,0.1466275659824047
2023-05-10 08:00:00+02:00,2023-05-10 08:00:00,2023-05-10 08:15:00,236.0,0.17302052785923755
2023-05-10 08:15:00+02:00,2023-05-10 08:15:00,2023-05-10 08:30:00,276.0,0.20234604105571846
2023-05-10 08:30:00+02:00,2023-05-10 08:30:00,2023-05-10 08:45:00,312.0,0.2287390029325513
2023-05-10 08:45:00+02:00,2023-05-10 08:45:00,2023-05-10 09:00:00,348.0,0.25513196480938416
2023-05-10 09:00:00+02:00,2023-05-10 09:00:00,2023-05-10 09:15:00,384.0,0.28152492668621704
2023-05-10 09:15:00+02:00,2023-05-10 09:15:00,2023-05-10 09:30:00,420.0,0.30791788856304986
2023-05-10 09:30:00+02:00,2023-05-10 09:30:00,2023-05-10 09:45:00,456.0,0.3343108504398827
2023-05-10 09:45:00+02:00,2023-05-10 09:45:00,2023-05-10 10:00:00,488.0,0.35777126099706746
2023-05-10 10:00:00+02:00,2023-05-10 10:00:00,2023-05-10 10:15:00,516.0,0.3782991202346041
2023-05-10 10:15:00+02:00,2023-05-10 10:15:00,2023-05-10 10:30:00,548.0,0.40175953079178883
2023-05-10 10:30:00+02:00,2023-05-10 10:30:00,2023-05-10 10:45:00,572.0,0.41935483870967744
2023-05-10 10:45:00+02:00,2023-05-10 10:45:00,2023-05-10 11:00:00,588.0,0.4310850439882698
2023-05-10 11:00:00+02:00,2023-05-10 11:00:00,2023-05-10 11:15:00,604.0,0.44281524926686217
2023-05-10 11:15:00+02:00,2023-05-10 11:15:00,2023-05-10 11:30:00,620.0,0.45454545454545453
2023-05-10 11:30:00+02:00,2023-05-10 11:30:00,2023-05-10 11:45:00,628.0,0.4604105571847507
2023-05-10 11:45:00+02:00,2023-05-10 11:45:00,2023-05-10 12:00:00,640.0,0.46920821114369504
2023-05-10 12:00:00+02:00,2023-05-10 12:00:00,2023-05-10 12:15:00,656.0,0.4809384164222874
2023-05-10 12:15:00+02:00,2023-05-10 12:15:00,2023-05-10 12:30:00,676.0,0.49560117302052786
2023-05-10 12:30:00+02:00,2023-05-10 12:30:00,2023-05-10 12:45:00,680.0,0.49853372434017595
2023-05-10 12:45:00+02:00,2023-05-10 12:45:00,2023-05-10 13:00:00,672.0,0.49266862170087977
2023-05-10 13:00:00+02:00,2023-05-10 13:00:00,2023-05-10 13:15:00,664.0,0.4868035190615836
2023-05-10 13:15:00+02:00,2023-05-10 13:15:00,2023-05-10 13:30:00,656.0,0.4809384164222874
2023-05-10 13:30:00+02:00,2023-05-10 13:30:00,2023-05-10 13:45:00,652.0,0.4780058651026393
2023-05-10 13:45:00+02:00,2023-05-10 13:45:00,2023-05-10 14:00:00,644.0,0.47214076246334313
2023-05-10 14:00:00+02:00,2023-05-10 14:00:00,2023-05-10 14:15:00,640.0,0.46920821114369504
2023-05-10 14:15:00+02:00,2023-05-10 14:15:00,2023-05-10 14:30:00,632.0,0.4633431085043988
2023-05-10 14:30:00+02:00,2023-05-10 14:30:00,2023-05-10 14:45:00,616.0,0.45161290322580644
2023-05-10 14:45:00+02:00,2023-05-10 14:45:00,2023-05-10 15:00:00,596.0,0.436950146627566
2023-05-10 15:00:00+02:00,2023-05-10 15:00:00,2023-05-10 15:15:00,576.0,0.4222873900293255
2023-05-10 15:15:00+02:00,2023-05-10 15:15:00,2023-05-10 15:30:00,560.0,0.41055718475073316
2023-05-10 15:30:00+02:00,2023-05-10 15:30:00,2023-05-10 15:45:00,536.0,0.39296187683284456
2023-05-10 15:45:00+02:00,2023-05-10 15:45:00,2023-05-10 16:00:00,512.0,0.375366568914956
2023-05-10 16:00:00+02:00,2023-05-10 16:00:00,2023-05-10 16:15:00,484.0,0.3548387096774194
2023-05-10 16:15:00+02:00,2023-05-10 16:15:00,2023-05-10 16:30:00,460.0,0.33724340175953077
2023-05-10 16:30:00+02:00,2023-05-10 16:30:00,2023-05-10 16:45:00,428.0,0.31378299120234604
2023-05-10 16:45:00+02:00,2023-05-10 16:45:00,2023-05-10 17:00:00,396.0,0.2903225806451613
2023-05-10 17:00:00+02:00,2023-05-10 17:00:00,2023-05-10 17:15:00,356.0,0.26099706744868034
2023-05-10 17:15:00+02:00,2023-05-10 17:15:00,2023-05-10 17:30:00,316.0,0.2316715542521994
2023-05-10 17:30:00+02:00,2023-05-10 17:30:00,2023-05-10 17:45:00,280.0,0.20527859237536658
2023-05-10 17:45:00+02:00,2023-05-10 17:45:00,2023-05-10 18:00:00,240.0,0.17595307917888564
2023-05-10 18:00:00+02:00,2023-05-10 18:00:00,2023-05-10 18:15:00,204.0,0.1495601173020528
2023-05-10 18:15:00+02:00,2023-05-10 18:15:00,2023-05-10 18:30:00,168.0,0.12316715542521994
2023-05-10 18:30:00+02:00,2023-05-10 18:30:00,2023-05-10 18:45:00,136.0,0.09970674486803519
2023-05-10 18:45:00+02:00,2023-05-10 18:45:00,2023-05-10 19:00:00,116.0,0.08504398826979472
2023-05-10 19:00:00+02:00,2023-05-10 19:00:00,2023-05-10 19:15:00,96.0,0.07038123167155426
2023-05-10 19:15:00+02:00,2023-05-10 19:15:00,2023-05-10 19:30:00,80.0,0.05865102639296188
2023-05-10 19:30:00+02:00,2023-05-10 19:30:00,2023-05-10 19:45:00,68.0,0.04985337243401759
2023-05-10 19:45:00+02:00,2023-05-10 19:45:00,2023-05-10 20:00:00,56.0,0.04105571847507331
2023-05-10 20:00:00+02:00,2023-05-10 20:00:00,2023-05-10 20:15:00,60.0,0.04398826979472141
2023-05-10 20:15:00+02:00,2023-05-10 20:15:00,2023-05-10 20:30:00,16.0,0.011730205278592375
2023-05-10 20:30:00+02:00,2023-05-10 20:30:00,2023-05-10 20:45:00,0.0,0.0
2023-05-10 20:45:00+02:00,2023-05-10 20:45:00,2023-05-10 21:00:00,0.0,0.0
2023-05-10 21:00:00+02:00,2023-05-10 21:00:00,2023-05-10 21:15:00,0.0,0.0
2023-05-10 21:15:00+02:00,2023-05-10 21:15:00,2023-05-10 21:30:00,0.0,0.0
2023-05-10 21:30:00+02:00,2023-05-10 21:30:00,2023-05-10 21:45:00,0.0,0.0
2023-05-10 21:45:00+02:00,2023-05-10 21:45:00,2023-05-10 22:00:00,0.0,0.0
2023-05-10 22:00:00+02:00,2023-05-10 22:00:00,2023-05-10 22:15:00,0.0,0.0
2023-05-10 22:15:00+02:00,2023-05-10 22:15:00,2023-05-10 22:30:00,0.0,0.0
2023-05-10 22:30:00+02:00,2023-05-10 22:30:00,2023-05-10 22:45:00,0.0,0.0
2023-05-10 22:45:00+02:00,2023-05-10 22:45:00,2023-05-10 23:00:00,0.0,0.0
2023-05-10 23:00:00+02:00,2023-05-10 23:00:00,2023-05-10 23:15:00,0.0,0.0
2023-05-10 23:15:00+02:00,2023-05-10 23:15:00,2023-05-10 23:30:00,0.0,0.0
2023-05-10 23:30:00+02:00,2023-05-10 23:30:00,2023-05-10 23:45:00,0.0,0.0
2023-05-10 23:45:00+02:00,2023-05-10 23:45:00,2023-05-11 00:00:00,0.0,0.0
2023-05-11 00:00:00+02:00,2023-05-11 00:00:00,2023-05-11 00:15:00,0.0,0.0
2023-05-11 00:15:00+02:00,2023-05-11 00:15:00,2023-05-11 00:30:00,0.0,0.0
2023-05-11 00:30:00+02:00,2023-05-11 00:30:00,2023-05-11 00:45:00,0.0,0.0
2023-05-11 00:45:00+02:00,2023-05-11 00:45:00,2023-05-11 01:00:00,0.0,0.0
2023-05-11 01:00:00+02:00,2023-05-11 01:00:00,2023-05-11 01:15:00,0.0,0.0
2023-05-11 01:15:00+02:00,2023-05-11 01:15:00,2023-05-11 01:30:00,0.0,0.0
2023-05-11 01:30:00+02:00,2023-05-11 01:30:00,2023-05-11 01:45:00,0.0,0.0
2023-05-11 01:45:00+02:00,2023-05-11 01:45:00,2023-05-11 02:00:00,0.0,0.0
2023-05-11 02:00:00+02:00,2023-05-11 02:00:00,2023-05-11 02:15:00,0.0,0.0
2023-05-11 02:15:00+02:00,2023-05-11 02:15:00,2023-05-11 02:30:00,0.0,0.0
2023-05-11 02:30:00+02:00,2023-05-11 02:30:00,2023-05-11 02:45:00,0.0,0.0
2023-05-11 02:45:00+02:00,2023-05-11 02:45:00,2023-05-11 03:00:00,0.0,0.0
2023-05-11 03:00:00+02:00,2023-05-11 03:00:00,2023-05-11 03:15:00,0.0,0.0
2023-05-11 03:15:00+02:00,2023-05-11 03:15:00,2023-05-11 03:30:00,0.0,0.0
2023-05-11 03:30:00+02:00,2023-05-11 03:30:00,2023-05-11 03:45:00,0.0,0.0
2023-05-11 03:45:00+02:00,2023-05-11 03:45:00,2023-05-11 04:00:00,0.0,0.0
2023-05-11 04:00:00+02:00,2023-05-11 04:00:00,2023-05-11 04:15:00,0.0,0.0
2023-05-11 04:15:00+02:00,2023-05-11 04:15:00,2023-05-11 04:30:00,0.0,0.0
2023-05-11 04:30:00+02:00,2023-05-11 04:30:00,2023-05-11 04:45:00,0.0,0.0
2023-05-11 04:45:00+02:00,2023-05-11 04:45:00,2023-05-11 05:00:00,0.0,0.0
2023-05-11 05:00:00+02:00,2023-05-11 05:00:00,2023-05-11 05:15:00,0.0,0.0
2023-05-11 05:15:00+02:00,2023-05-11 05:15:00,2023-05-11 05:30:00,0.0,0.0
2023-05-11 05:30:00+02:00,2023-05-11 05:30:00,2023-05-11 05:45:00,36.0,0.026392961876832845
2023-05-11 05:45:00+02:00,2023-05-11 05:45:00,2023-05-11 06:00:00,56.0,0.04105571847507331
2023-05-11 06:00:00+02:00,2023-05-11 06:00:00,2023-05-11 06:15:00,52.0,0.03812316715542522
2023-05-11 06:15:00+02:00,2023-05-11 06:15:00,2023-05-11 06:30:00,56.0,0.04105571847507331
2023-05-11 06:30:00+02:00,2023-05-11 06:30:00,2023-05-11 06:45:00,64.0,0.0469208211143695
2023-05-11 06:45:00+02:00,2023-05-11 06:45:00,2023-05-11 07:00:00,80.0,0.05865102639296188
2023-05-11 07:00:00+02:00,2023-05-11 07:00:00,2023-05-11 07:15:00,100.0,0.07331378299120235
2023-05-11 07:15:00+02:00,2023-05-11 07:15:00,2023-05-11 07:30:00,124.0,0.09090909090909091
2023-05-11 07:30:00+02:00,2023-05-11 07:30:00,2023-05-11 07:45:00,148.0,0.10850439882697947
2023-05-11 07:45:00+02:00,2023-05-11 07:45:00,2023-05-11 08:00:00,180.0,0.13196480938416422
2023-05-11 08:00:00+02:00,2023-05-11 08:00:00,2023-05-11 08:15:00,220.0,0.16129032258064516
2023-05-11 08:15:00+02:00,2023-05-11 08:15:00,2023-05-11 08:30:00,256.0,0.187683284457478
2023-05-11 08:30:00+02:00,2023-05-11 08:30:00,2023-05-11 08:45:00,292.0,0.21407624633431085
2023-05-11 08:45:00+02:00,2023-05-11 08:45:00,2023-05-11 09:00:00,324.0,0.2375366568914956
2023-05-11 09:00:00+02:00,2023-05-11 09:00:00,2023-05-11 09:15:00,364.0,0.2668621700879765
2023-05-11 09:15:00+02:00,2023-05-11 09:15:00,2023-05-11 09:30:00,400.0,0.2932551319648094
2023-05-11 09:30:00+02:00,2023-05-11 09:30:00,2023-05-11 09:45:00,432.0,0.31671554252199413
2023-05-11 09:45:00+02:00,2023-05-11 09:45:00,2023-05-11 10:00:00,456.0,0.3343108504398827
2023-05-11 10:00:00+02:00,2023-05-11 10:00:00,2023-05-11 10:15:00,480.0,0.3519061583577713
2023-05-11 10:15:00+02:00,2023-05-11 10:15:00,2023-05-11 10:30:00,508.0,0.3724340175953079
2023-05-11 10:30:00+02:00,2023-05-11 10:30:00,2023-05-11 10:45:00,524.0,0.3841642228739003
2023-05-11 10:45:00+02:00,2023-05-11 10:45:00,2023-05-11 11:00:00,528.0,0.3870967741935484
2023-05-11 11:00:00+02:00,2023-05-11 11:00:00,2023-05-11 11:15:00,528.0,0.3870967741935484
2023-05-11 11:15:00+02:00,2023-05-11 11:15:00,2023-05-11 11:30:00,532.0,0.39002932551319647
2023-05-11 11:30:00+02:00,2023-05-11 11:30:00,2023-05-11 11:45:00,528.0,0.3870967741935484
2023-05-11 11:45:00+02:00,2023-05-11 11:45:00,2023-05-11 12:00:00,520.0,0.3812316715542522
2023-05-11 12:00:00+02:00,2023-05-11 12:00:00,2023-05-11 12:15:00,536.0,0.39296187683284456
2023-05-11 12:15:00+02:00,2023-05-11 12:15:00,2023-05-11 12:30:00,560.0,0.41055718475073316
2023-05-11 12:30:00+02:00,2023-05-11 12:30:00,2023-05-11 12:45:00,584.0,0.4281524926686217
2023-05-11 12:45:00+02:00,2023-05-11 12:45:00,2023-05-11 13:00:00,608.0,0.44574780058651026
2023-05-11 13:00:00+02:00,2023-05-11 13:00:00,2023-05-11 13:15:00,632.0,0.4633431085043988
2023-05-11 13:15:00+02:00,2023-05-11 13:15:00,2023-05-11 13:30:00,656.0,0.4809384164222874
2023-05-11 13:30:00+02:00,2023-05-11 13:30:00,2023-05-11 13:45:00,680.0,0.49853372434017595
2023-05-11 13:45:00+02:00,2023-05-11 13:45:00,2023-05-11 14:00:00,704.0,0.5161290322580645
2023-05-11 14:00:00+02:00,2023-05-11 14:00:00,2023-05-11 14:15:00,696.0,0.5102639296187683
2023-05-11 14:15:00+02:00,2023-05-11 14:15:00,2023-05-11 14:30:00,684.0,0.501466275659824
2023-05-11 14:30:00+02:00,2023-05-11 14:30:00,2023-05-11 14:45:00,672.0,0.49266862170087977
2023-05-11 14:45:00+02:00,2023-05-11 14:45:00,2023-05-11 15:00:00,664.0,0.4868035190615836
2023-05-11 15:00:00+02:00,2023-05-11 15:00:00,2023-05-11 15:15:00,648.0,0.4750733137829912
2023-05-11 15:15:00+02:00,2023-05-11 15:15:00,2023-05-11 15:30:00,628.0,0.4604105571847507
2023-05-11 15:30:00+02:00,2023-05-11 15:30:00,2023-05-11 15:45:00,600.0,0.4398826979472141
2023-05-11 15:45:00+02:00,2023-05-11 15:45:00,2023-05-11 16:00:00,564.0,0.41348973607038125
2023-05-11 16:00:00+02:00,2023-05-11 16:00:00,2023-05-11 16:15:00,532.0,0.39002932551319647
2023-05-11 16:15:00+02:00,2023-05-11 16:15:00,2023-05-11 16:30:00,504.0,0.36950146627565983
2023-05-11 16:30:00+02:00,2023-05-11 16:30:00,2023-05-11 16:45:00,480.0,0.3519061583577713
2023-05-11 16:45:00+02:00,2023-05-11 16:45:00,2023-05-11 17:00:00,448.0,0.3284457478005865
2023-05-11 17:00:00+02:00,2023-05-11 17:00:00,2023-05-11 17:15:00,400.0,0.2932551319648094
2023-05-11 17:15:00+02:00,2023-05-11 17:15:00,2023-05-11 17:30:00,352.0,0.25806451612903225
2023-05-11 17:30:00+02:00,2023-05-11 17:30:00,2023-05-11 17:45:00,312.0,0.2287390029325513
2023-05-11 17:45:00+02:00,2023-05-11 17:45:00,2023-05-11 18:00:00,280.0,0.20527859237536658
2023-05-11 18:00:00+02:00,2023-05-11 18:00:00,2023-05-11 18:15:00,232.0,0.17008797653958943
2023-05-11 18:15:00+02:00,2023-05-11 18:15:00,2023-05-11 18:30:00,188.0,0.1378299120234604
2023-05-11 18:30:00+02:00,2023-05-11 18:30:00,2023-05-11 18:45:00,152.0,0.11143695014662756
2023-05-11 18:45:00+02:00,2023-05-11 18:45:00,2023-05-11 19:00:00,136.0,0.09970674486803519
2023-05-11 19:00:00+02:00,2023-05-11 19:00:00,2023-05-11 19:15:00,120.0,0.08797653958944282
2023-05-11 19:15:00+02:00,2023-05-11 19:15:00,2023-05-11 19:30:00,92.0,0.06744868035190615
2023-05-11 19:30:00+02:00,2023-05-11 19:30:00,2023-05-11 19:45:00,68.0,0.04985337243401759
2023-05-11 19:45:00+02:00,2023-05-11 19:45:00,2023-05-11 20:00:00,56.0,0.04105571847507331
2023-05-11 20:00:00+02:00,2023-05-11 20:00:00,2023-05-11 20:15:00,60.0,0.04398826979472141
2023-05-11 20:15:00+02:00,2023-05-11 20:15:00,2023-05-11 20:30:00,20.0,0.01466275659824047
2023-05-11 20:30:00+02:00,2023-05-11 20:30:00,2023-05-11 20:45:00,0.0,0.0
2023-05-11 20:45:00+02:00,2023-05-11 20:45:00,2023-05-11 21:00:00,0.0,0.0
2023-05-11 21:00:00+02:00,2023-05-11 21:00:00,2023-05-11 21:15:00,0.0,0.0
2023-05-11 21:15:00+02:00,2023-05-11 21:15:00,2023-05-11 21:30:00,0.0,0.0
2023-05-11 21:30:00+02:00,2023-05-11 21:30:00,2023-05-11 21:45:00,0.0,0.0
2023-05-11 21:45:00+02:00,2023-05-11 21:45:00,2023-05-11 22:00:00,0.0,0.0
2023-05-11 22:00:00+02:00,2023-05-11 22:00:00,2023-05-11 22:15:00,0.0,0.0
2023-05-11 22:15:00+02:00,2023-05-11 22:15:00,2023-05-11 22:30:00,0.0,0.0
2023-05-11 22:30:00+02:00,2023-05-11 22:30:00,2023-05-11 22:45:00,0.0,0.0
2023-05-11 22:45:00+02:00,2023-05-11 22:45:00,2023-05-11 23:00:00,0.0,0.0
2023-05-11 23:00:00+02:00,2023-05-11 23:00:00,2023-05-11 23:15:00,0.0,0.0
2023-05-11 23:15:00+02:00,2023-05-11 23:15:00,2023-05-11 23:30:00,0.0,0.0
2023-05-11 23:30:00+02:00,2023-05-11 23:30:00,2023-05-11 23:45:00,0.0,0.0
2023-05-11 23:45:00+02:00,2023-05-11 23:45:00,2023-05-12 00:00:00,0.0,0.0
2023-05-12 00:00:00+02:00,2023-05-12 00:00:00,2023-05-12 00:15:00,0.0,0.0
2023-05-12 00:15:00+02:00,2023-05-12 00:15:00,2023-05-12 00:30:00,0.0,0.0
2023-05-12 00:30:00+02:00,2023-05-12 00:30:00,2023-05-12 00:45:00,0.0,0.0
2023-05-12 00:45:00+02:00,2023-05-12 00:45:00,2023-05-12 01:00:00,0.0,0.0
2023-05-12 01:00:00+02:00,2023-05-12 01:00:00,2023-05-12 01:15:00,0.0,0.0
2023-05-12 01:15:00+02:00,2023-05-12 01:15:00,2023-05-12 01:30:00,0.0,0.0
2023-05-12 01:30:00+02:00,2023-05-12 01:30:00,2023-05-12 01:45:00,0.0,0.0
2023-05-12 01:45:00+02:00,2023-05-12 01:45:00,2023-05-12 02:00:00,0.0,0.0
2023-05-12 02:00:00+02:00,2023-05-12 02:00:00,2023-05-12 02:15:00,0.0,0.0
2023-05-12 02:15:00+02:00,2023-05-12 02:15:00,2023-05-12 02:30:00,0.0,0.0
2023-05-12 02:30:00+02:00,2023-05-12 02:30:00,2023-05-12 02:45:00,0.0,0.0
2023-05-12 02:45:00+02:00,2023-05-12 02:45:00,2023-05-12 03:00:00,0.0,0.0
2023-05-12 03:00:00+02:00,2023-05-12 03:00:00,2023-05-12 03:15:00,0.0,0.0
2023-05-12 03:15:00+02:00,2023-05-12 03:15:00,2023-05-12 03:30:00,0.0,0.0
2023-05-12 03:30:00+02:00,2023-05-12 03:30:00,2023-05-12 03:45:00,0.0,0.0
2023-05-12 03:45:00+02:00,2023-05-12 03:45:00,2023-05-12 04:00:00,0.0,0.0
2023-05-12 04:00:00+02:00,2023-05-12 04:00:00,2023-05-12 04:15:00,0.0,0.0
2023-05-12 04:15:00+02:00,2023-05-12 04:15:00,2023-05-12 04:30:00,0.0,0.0
2023-05-12 04:30:00+02:00,2023-05-12 04:30:00,2023-05-12 04:45:00,0.0,0.0
2023-05-12 04:45:00+02:00,2023-05-12 04:45:00,2023-05-12 05:00:00,0.0,0.0
2023-05-12 05:00:00+02:00,2023-05-12 05:00:00,2023-05-12 05:15:00,0.0,0.0
2023-05-12 05:15:00+02:00,2023-05-12 05:15:00,2023-05-12 05:30:00,0.0,0.0
2023-05-12 05:30:00+02:00,2023-05-12 05:30:00,2023-05-12 05:45:00,40.0,0.02932551319648094
2023-05-12 05:45:00+02:00,2023-05-12 05:45:00,2023-05-12 06:00:00,52.0,0.03812316715542522
2023-05-12 06:00:00+02:00,2023-05-12 06:00:00,2023-05-12 06:15:00,52.0,0.03812316715542522
2023-05-12 06:15:00+02:00,2023-05-12 06:15:00,2023-05-12 06:30:00,52.0,0.03812316715542522
2023-05-12 06:30:00+02:00,2023-05-12 06:30:00,2023-05-12 06:45:00,60.0,0.04398826979472141
2023-05-12 06:45:00+02:00,2023-05-12 06:45:00,2023-05-12 07:00:00,64.0,0.0469208211143695
2023-05-12 07:00:00+02:00,2023-05-12 07:00:00,2023-05-12 07:15:00,76.0,0.05571847507331378
2023-05-12 07:15:00+02:00,2023-05-12 07:15:00,2023-05-12 07:30:00,88.0,0.06451612903225806
2023-05-12 07:30:00+02:00,2023-05-12 07:30:00,2023-05-12 07:45:00,104.0,0.07624633431085044
2023-05-12 07:45:00+02:00,2023-05-12 07:45:00,2023-05-12 08:00:00,124.0,0.09090909090909091
2023-05-12 08:00:00+02:00,2023-05-12 08:00:00,2023-05-12 08:15:00,148.0,0.10850439882697947
2023-05-12 08:15:00+02:00,2023-05-12 08:15:00,2023-05-12 08:30:00,172.0,0.12609970674486803
2023-05-12 08:30:00+02:00,2023-05-12 08:30:00,2023-05-12 08:45:00,196.0,0.1436950146627566
2023-05-12 08:45:00+02:00,2023-05-12 08:45:00,2023-05-12 09:00:00,216.0,0.15835777126099707
2023-05-12 09:00:00+02:00,2023-05-12 09:00:00,2023-05-12 09:15:00,240.0,0.17595307917888564
2023-05-12 09:15:00+02:00,2023-05-12 09:15:00,2023-05-12 09:30:00,260.0,0.1906158357771261
2023-05-12 09:30:00+02:00,2023-05-12 09:30:00,2023-05-12 09:45:00,284.0,0.20821114369501467
2023-05-12 09:45:00+02:00,2023-05-12 09:45:00,2023-05-12 10:00:00,304.0,0.22287390029325513
2023-05-12 10:00:00+02:00,2023-05-12 10:00:00,2023-05-12 10:15:00,324.0,0.2375366568914956
2023-05-12 10:15:00+02:00,2023-05-12 10:15:00,2023-05-12 10:30:00,348.0,0.25513196480938416
2023-05-12 10:30:00+02:00,2023-05-12 10:30:00,2023-05-12 10:45:00,368.0,0.2697947214076246
2023-05-12 10:45:00+02:00,2023-05-12 10:45:00,2023-05-12 11:00:00,384.0,0.28152492668621704
2023-05-12 11:00:00+02:00,2023-05-12 11:00:00,2023-05-12 11:15:00,400.0,0.2932551319648094
2023-05-12 11:15:00+02:00,2023-05-12 11:15:00,2023-05-12 11:30:00,416.0,0.30498533724340177
2023-05-12 11:30:00+02:00,2023-05-12 11:30:00,2023-05-12 11:45:00,432.0,0.31671554252199413
2023-05-12 11:45:00+02:00,2023-05-12 11:45:00,2023-05-12 12:00:00,452.0,0.3313782991202346
2023-05-12 12:00:00+02:00,2023-05-12 12:00:00,2023-05-12 12:15:00,476.0,0.3489736070381232
2023-05-12 12:15:00+02:00,2023-05-12 12:15:00,2023-05-12 12:30:00,496.0,0.36363636363636365
2023-05-12 12:30:00+02:00,2023-05-12 12:30:00,2023-05-12 12:45:00,516.0,0.3782991202346041
2023-05-12 12:45:00+02:00,2023-05-12 12:45:00,2023-05-12 13:00:00,536.0,0.39296187683284456
2023-05-12 13:00:00+02:00,2023-05-12 13:00:00,2023-05-12 13:15:00,556.0,0.40762463343108507
2023-05-12 13:15:00+02:00,2023-05-12 13:15:00,2023-05-12 13:30:00,572.0,0.41935483870967744
2023-05-12 13:30:00+02:00,2023-05-12 13:30:00,2023-05-12 13:45:00,580.0,0.4252199413489736
2023-05-12 13:45:00+02:00,2023-05-12 13:45:00,2023-05-12 14:00:00,584.0,0.4281524926686217
2023-05-12 14:00:00+02:00,2023-05-12 14:00:00,2023-05-12 14:15:00,588.0,0.4310850439882698
2023-05-12 14:15:00+02:00,2023-05-12 14:15:00,2023-05-12 14:30:00,592.0,0.4340175953079179
2023-05-12 14:30:00+02:00,2023-05-12 14:30:00,2023-05-12 14:45:00,588.0,0.4310850439882698
2023-05-12 14:45:00+02:00,2023-05-12 14:45:00,2023-05-12 15:00:00,572.0,0.41935483870967744
2023-05-12 15:00:00+02:00,2023-05-12 15:00:00,2023-05-12 15:15:00,556.0,0.40762463343108507
2023-05-12 15:15:00+02:00,2023-05-12 15:15:00,2023-05-12 15:30:00,544.0,0.39882697947214074
2023-05-12 15:30:00+02:00,2023-05-12 15:30:00,2023-05-12 15:45:00,524.0,0.3841642228739003
2023-05-12 15:45:00+02:00,2023-05-12 15:45:00,2023-05-12 16:00:00,496.0,0.36363636363636365
2023-05-12 16:00:00+02:00,2023-05-12 16:00:00,2023-05-12 16:15:00,468.0,0.34310850439882695
2023-05-12 16:15:00+02:00,2023-05-12 16:15:00,2023-05-12 16:30:00,444.0,0.3255131964809384
2023-05-12 16:30:00+02:00,2023-05-12 16:30:00,2023-05-12 16:45:00,416.0,0.30498533724340177
2023-05-12 16:45:00+02:00,2023-05-12 16:45:00,2023-05-12 17:00:00,380.0,0.2785923753665689
2023-05-12 17:00:00+02:00,2023-05-12 17:00:00,2023-05-12 17:15:00,340.0,0.24926686217008798
2023-05-12 17:15:00+02:00,2023-05-12 17:15:00,2023-05-12 17:30:00,300.0,0.21994134897360704
2023-05-12 17:30:00+02:00,2023-05-12 17:30:00,2023-05-12 17:45:00,264.0,0.1935483870967742
2023-05-12 17:45:00+02:00,2023-05-12 17:45:00,2023-05-12 18:00:00,232.0,0.17008797653958943
2023-05-12 18:00:00+02:00,2023-05-12 18:00:00,2023-05-12 18:15:00,196.0,0.1436950146627566
2023-05-12 18:15:00+02:00,2023-05-12 18:15:00,2023-05-12 18:30:00,160.0,0.11730205278592376
2023-05-12 18:30:00+02:00,2023-05-12 18:30:00,2023-05-12 18:45:00,132.0,0.0967741935483871
2023-05-12 18:45:00+02:00,2023-05-12 18:45:00,2023-05-12 19:00:00,112.0,0.08211143695014662
2023-05-12 19:00:00+02:00,2023-05-12 19:00:00,2023-05-12 19:15:00,92.0,0.06744868035190615
2023-05-12 19:15:00+02:00,2023-05-12 19:15:00,2023-05-12 19:30:00,76.0,0.05571847507331378
2023-05-12 19:30:00+02:00,2023-05-12 19:30:00,2023-05-12 19:45:00,64.0,0.0469208211143695
2023-05-12 19:45:00+02:00,2023-05-12 19:45:00,2023-05-12 20:00:00,60.0,0.04398826979472141
2023-05-12 20:00:00+02:00,2023-05-12 20:00:00,2023-05-12 20:15:00,60.0,0.04398826979472141
2023-05-12 20:15:00+02:00,2023-05-12 20:15:00,2023-05-12 20:30:00,24.0,0.017595307917888565
2023-05-12 20:30:00+02:00,2023-05-12 20:30:00,2023-05-12 20:45:00,0.0,0.0
2023-05-12 20:45:00+02:00,2023-05-12 20:45:00,2023-05-12 21:00:00,0.0,0.0
2023-05-12 21:00:00+02:00,2023-05-12 21:00:00,2023-05-12 21:15:00,0.0,0.0
2023-05-12 21:15:00+02:00,2023-05-12 21:15:00,2023-05-12 21:30:00,0.0,0.0
2023-05-12 21:30:00+02:00,2023-05-12 21:30:00,2023-05-12 21:45:00,0.0,0.0
2023-05-12 21:45:00+02:00,2023-05-12 21:45:00,2023-05-12 22:00:00,0.0,0.0
2023-05-12 22:00:00+02:00,2023-05-12 22:00:00,2023-05-12 22:15:00,0.0,0.0
2023-05-12 22:15:00+02:00,2023-05-12 22:15:00,2023-05-12 22:30:00,0.0,0.0
2023-05-12 22:30:00+02:00,2023-05-12 22:30:00,2023-05-12 22:45:00,0.0,0.0
2023-05-12 22:45:00+02:00,2023-05-12 22:45:00,2023-05-12 23:00:00,0.0,0.0
2023-05-12 23:00:00+02:00,2023-05-12 23:00:00,2023-05-12 23:15:00,0.0,0.0
2023-05-12 23:15:00+02:00,2023-05-12 23:15:00,2023-05-12 23:30:00,0.0,0.0
2023-05-12 23:30:00+02:00,2023-05-12 23:30:00,2023-05-12 23:45:00,0.0,0.0
2023-05-12 23:45:00+02:00,2023-05-12 23:45:00,2023-05-13 00:00:00,0.0,0.0
2023-05-13 00:00:00+02:00,2023-05-13 00:00:00,2023-05-13 00:15:00,0.0,0.0